sample_uid,observation_uid,tag_id,camera_role,distance_use,distance_use_reason,distance_m2_signed,distance_m2_abs,angle_use,angle_use_reason,yaw_use,yaw_use_reason,yaw_mode,yaw_resolved_deg,predicted_yaw_deg
main29_s001,main29_s001_o002,36,front,False,rejected_m2_abs_ge_0p95,-1.283896241943423,1.283896241943423,True,kept_no_second_screen,True,accept_keep,keep,28.5,34.34183140443224
main29_s001,main29_s001_o003,37,front,False,rejected_m2_abs_ge_0p95,-1.900033251764941,1.900033251764941,True,kept_no_second_screen,True,accept_flip,flip,23.80000000000001,20.67734649541535
main29_s001,main29_s001_o004,38,front,False,rejected_m2_abs_ge_0p95,1.1174400752326719,1.1174400752326719,True,kept_no_second_screen,True,accept_keep,keep,16.400000000000006,8.191899699182613
main29_s001,main29_s001_o005,39,front,True,kept_m2_abs_lt_0p95,0.26633696870403956,0.26633696870403956,True,kept_no_second_screen,False,reject_small_predicted_yaw,flip,,-5.114400372144814
main29_s001,main29_s001_o006,45,rear,False,rejected_m2_abs_ge_0p95,1.0175592732393834,1.0175592732393834,True,kept_no_second_screen,True,accept_keep,keep,11.300000000000011,19.264725761226288
main29_s002,main29_s002_o007,36,front,True,kept_m2_abs_lt_0p95,-0.47271374323537785,0.47271374323537785,True,kept_no_second_screen,True,accept_keep,keep,39.30000000000001,43.176589976655805
main29_s002,main29_s002_o008,37,front,True,kept_m2_abs_lt_0p95,-0.11994161489091937,0.11994161489091937,True,kept_no_second_screen,True,accept_keep,keep,24.0,26.401216775510534
main29_s002,main29_s002_o009,38,front,True,kept_m2_abs_lt_0p95,0.08152969787860176,0.08152969787860176,True,kept_no_second_screen,False,reject_ambiguous_low_separation,keep,,10.66524496354964
main29_s002,main29_s002_o010,39,front,True,kept_m2_abs_lt_0p95,0.6095446999775822,0.6095446999775822,True,kept_no_second_screen,False,reject_small_predicted_yaw,flip,,-6.8305281416496655
main29_s002,main29_s002_o011,44,rear,True,kept_m2_abs_lt_0p95,0.44097384850120935,0.44097384850120935,True,kept_no_second_screen,True,accept_keep,keep,-61.2,-57.531318396412814
main29_s002,main29_s002_o012,45,rear,True,kept_m2_abs_lt_0p95,-0.08152969787860176,0.08152969787860176,True,kept_no_second_screen,False,reject_ambiguous_low_separation,flip,,10.046547344695853
main29_s003,main29_s003_o013,43,front,True,kept_m2_abs_lt_0p95,-0.5833021645527348,0.5833021645527348,True,kept_no_second_screen,True,accept_keep,keep,-58.2,-56.91720913778505
main29_s003,main29_s003_o014,44,front,True,kept_m2_abs_lt_0p95,-0.21974909690605227,0.21974909690605227,True,kept_no_second_screen,True,accept_keep,keep,-68.5,-70.70302818980446
main29_s003,main29_s003_o015,45,front,True,kept_m2_abs_lt_0p95,0.07160202505292368,0.07160202505292368,True,kept_no_second_screen,False,reject_small_predicted_yaw,flip,,6.431477955099751
main29_s003,main29_s003_o016,46,front,True,kept_m2_abs_lt_0p95,0.03268156707050718,0.03268156707050718,True,kept_no_second_screen,True,accept_flip,flip,-16.80000000000001,-12.578848564687235
main29_s003,main29_s003_o017,47,front,True,kept_m2_abs_lt_0p95,0.8506210231330336,0.8506210231330336,True,kept_no_second_screen,True,accept_flip,flip,-38.400000000000006,-29.18986357558441
main29_s003,main29_s003_o018,38,rear,True,kept_m2_abs_lt_0p95,-0.10428359212343086,0.10428359212343086,True,kept_no_second_screen,True,accept_keep,keep,8.199999999999989,16.283703917061757
main29_s003,main29_s003_o019,39,rear,True,kept_m2_abs_lt_0p95,0.0728567984151951,0.0728567984151951,True,kept_no_second_screen,False,reject_ambiguous_low_separation,keep,,-9.072536189427183
main29_s004,main29_s004_o020,45,front,True,kept_m2_abs_lt_0p95,0.3286303244919203,0.3286303244919203,True,kept_no_second_screen,False,reject_small_predicted_yaw,keep,,4.083448491592662
main29_s004,main29_s004_o021,46,front,True,kept_m2_abs_lt_0p95,-0.6470235329000129,0.6470235329000129,True,kept_no_second_screen,True,accept_keep,keep,-8.199999999999989,-9.91917849307174
main29_s004,main29_s004_o022,47,front,False,rejected_m2_abs_ge_0p95,-3.097248648469977,3.097248648469977,True,kept_no_second_screen,True,accept_flip,flip,-16.099999999999994,-22.825122995300717
main29_s004,main29_s004_o023,48,front,False,rejected_m2_abs_ge_0p95,1.295211423328253,1.295211423328253,True,kept_no_second_screen,True,accept_keep,keep,-35.19999999999999,-33.62665316213793
main29_s004,main29_s004_o024,49,front,True,kept_m2_abs_lt_0p95,-0.13112819392869068,0.13112819392869068,True,kept_no_second_screen,True,accept_keep,keep,-43.900000000000006,-42.25464739866811
main29_s004,main29_s004_o025,39,rear,True,kept_m2_abs_lt_0p95,0.13112819392869068,0.13112819392869068,True,kept_no_second_screen,True,accept_keep,keep,-16.400000000000006,-12.172156373628923
main29_s005,main29_s005_o026,35,front,True,kept_m2_abs_lt_0p95,0.47719321929794667,0.47719321929794667,True,kept_no_second_screen,True,accept_keep,keep,34.80000000000001,38.77131577385558
main29_s005,main29_s005_o027,36,front,True,kept_m2_abs_lt_0p95,-0.3657113145191815,0.3657113145191815,True,kept_no_second_screen,True,accept_keep,keep,23.099999999999994,30.33285781620509
main29_s005,main29_s005_o028,37,front,True,kept_m2_abs_lt_0p95,-0.7881004920477785,0.7881004920477785,True,kept_no_second_screen,True,accept_flip,flip,14.099999999999994,11.039570397372358
main29_s005,main29_s005_o029,38,front,True,kept_m2_abs_lt_0p95,0.3657113145191815,0.3657113145191815,True,kept_no_second_screen,False,reject_small_predicted_yaw,flip,,-6.499487838327809
main29_s005,main29_s005_o031,45,rear,True,kept_m2_abs_lt_0p95,-0.5703175373609071,0.5703175373609071,True,kept_no_second_screen,True,accept_keep,keep,33.19999999999999,34.12136953346942
main29_s005,main29_s005_o032,46,rear,True,kept_m2_abs_lt_0p95,0.4159517941684099,0.4159517941684099,True,kept_no_second_screen,False,reject_ambiguous_low_separation,flip,,9.405645902445144
main29_s006,main29_s006_o033,45,front,True,kept_m2_abs_lt_0p95,0.3882911760682628,0.3882911760682628,True,kept_no_second_screen,True,accept_flip,flip,28.599999999999994,25.442920038503473
main29_s006,main29_s006_o034,46,front,True,kept_m2_abs_lt_0p95,-0.05153188224503502,0.05153188224503502,True,kept_no_second_screen,False,reject_small_predicted_yaw,keep,,7.9469050672473145
main29_s006,main29_s006_o035,47,front,True,kept_m2_abs_lt_0p95,-0.5813444602761386,0.5813444602761386,True,kept_no_second_screen,True,accept_flip,flip,-16.30000000000001,-11.100861149619107
main29_s006,main29_s006_o036,48,front,True,kept_m2_abs_lt_0p95,0.3546585455297713,0.3546585455297713,True,kept_no_second_screen,False,reject_poor_keep_flip_match,keep,,-27.90288634561915
main29_s006,main29_s006_o037,37,rear,True,kept_m2_abs_lt_0p95,0.05153188224503502,0.05153188224503502,True,kept_no_second_screen,True,accept_keep,keep,11.800000000000011,14.6934101767514
main29_s006,main29_s006_o038,38,rear,True,kept_m2_abs_lt_0p95,-0.18681126816574967,0.18681126816574967,True,kept_no_second_screen,False,reject_ambiguous_low_separation,keep,,-10.706243975120856
main29_s007,main29_s007_o041,45,front,True,kept_m2_abs_lt_0p95,0.42002651749095676,0.42002651749095676,True,kept_no_second_screen,True,accept_keep,keep,22.5,18.141160162506424
main29_s007,main29_s007_o042,46,front,True,kept_m2_abs_lt_0p95,-0.2845046994229605,0.2845046994229605,True,kept_no_second_screen,False,reject_small_predicted_yaw,keep,,4.6239039431636115
main29_s007,main29_s007_o043,47,front,True,kept_m2_abs_lt_0p95,-0.8661010732933061,0.8661010732933061,True,kept_no_second_screen,False,reject_ambiguous_low_separation,keep,,-9.404532238764602
main29_s007,main29_s007_o044,48,front,True,kept_m2_abs_lt_0p95,0.2845046994229605,0.2845046994229605,True,kept_no_second_screen,True,accept_flip,flip,-21.599999999999994,-22.30942291212233
main29_s007,main29_s007_o045,49,front,True,kept_m2_abs_lt_0p95,-0.6946728912731397,0.6946728912731397,True,kept_no_second_screen,True,accept_keep,keep,-35.5,-33.19413227966112
main29_s007,main29_s007_o046,38,rear,True,kept_m2_abs_lt_0p95,0.5769135189252639,0.5769135189252639,True,kept_no_second_screen,True,accept_keep,keep,-14.199999999999989,-14.640818473800778
main29_s008,main29_s008_o048,38,front,False,rejected_m2_abs_ge_0p95,-1.118513257670532,1.118513257670532,True,kept_no_second_screen,True,accept_keep,keep,-18.80000000000001,-17.342445072869396
main29_s008,main29_s008_o049,39,front,True,kept_m2_abs_lt_0p95,0.5591296234196482,0.5591296234196482,True,kept_no_second_screen,True,accept_flip,flip,-24.5,-28.49937056286717
main29_s008,main29_s008_o050,41,front,True,kept_m2_abs_lt_0p95,0.4394969199334738,0.4394969199334738,True,kept_no_second_screen,True,accept_keep,keep,39.69999999999999,44.36716233236862
main29_s008,main29_s008_o051,42,front,False,rejected_m2_abs_ge_0p95,-0.9986265433531221,0.9986265433531221,True,kept_no_second_screen,True,accept_keep,keep,35.0,32.494260973928505
main29_s008,main29_s008_o052,48,rear,True,kept_m2_abs_lt_0p95,0.7659926878242551,0.7659926878242551,True,kept_no_second_screen,True,accept_keep,keep,-33.400000000000006,-33.16688936473378
main29_s009,main29_s009_o053,34,front,True,kept_m2_abs_lt_0p95,0.37097688204170254,0.37097688204170254,True,kept_no_second_screen,True,accept_keep,keep,34.5,38.270070047964964
main29_s009,main29_s009_o054,35,front,True,kept_m2_abs_lt_0p95,-0.37097688204170254,0.37097688204170254,True,kept_no_second_screen,True,accept_flip,flip,25.5,25.784825192461426
main29_s009,main29_s009_o055,36,front,True,kept_m2_abs_lt_0p95,-0.5347579005903835,0.5347579005903835,True,kept_no_second_screen,False,reject_ambiguous_low_separation,keep,,11.84113893823428
main29_s009,main29_s009_o056,37,front,True,kept_m2_abs_lt_0p95,0.7669207304262482,0.7669207304262482,True,kept_no_second_screen,False,reject_small_predicted_yaw,flip,,-6.981740641391752
main29_s009,main29_s009_o057,46,rear,True,kept_m2_abs_lt_0p95,-0.5160280069047651,0.5160280069047651,True,kept_no_second_screen,True,accept_keep,keep,33.099999999999994,35.176514706252874
main29_s009,main29_s009_o058,47,rear,True,kept_m2_abs_lt_0p95,0.8121431111696698,0.8121431111696698,True,kept_no_second_screen,False,reject_ambiguous_low_separation,flip,,10.73925285344626
main29_s010,main29_s010_o060,45,front,False,rejected_m2_abs_ge_0p95,0.960406259835489,0.960406259835489,True,kept_no_second_screen,True,accept_flip,flip,42.19999999999999,39.167832651112406
main29_s010,main29_s010_o061,46,front,True,kept_m2_abs_lt_0p95,-0.4174742960081585,0.4174742960081585,True,kept_no_second_screen,True,accept_keep,keep,20.19999999999999,25.47478602259349
main29_s010,main29_s010_o062,48,front,True,kept_m2_abs_lt_0p95,-0.0354821425215463,0.0354821425215463,True,kept_no_second_screen,False,reject_poor_keep_flip_match,flip,,-11.132658282134173
main29_s010,main29_s010_o063,35,rear,True,kept_m2_abs_lt_0p95,0.0354821425215463,0.0354821425215463,True,kept_no_second_screen,True,accept_keep,keep,30.400000000000006,34.622370920317735
main29_s011,main29_s011_o065,42,front,True,kept_m2_abs_lt_0p95,-0.885375739842198,0.885375739842198,True,kept_no_second_screen,True,accept_keep,keep,-27.099999999999994,-22.981044195977802
main29_s011,main29_s011_o066,43,front,False,rejected_m2_abs_ge_0p95,-1.421532654734392,1.421532654734392,True,kept_no_second_screen,True,accept_keep,keep,-39.099999999999994,-38.332444258449186
main29_s011,main29_s011_o067,45,front,True,kept_m2_abs_lt_0p95,0.6875283267650056,0.6875283267650056,True,kept_no_second_screen,True,accept_keep,keep,30.599999999999994,31.08697283625031
main29_s011,main29_s011_o068,46,front,True,kept_m2_abs_lt_0p95,0.8595645830111964,0.8595645830111964,True,kept_no_second_screen,True,accept_keep,keep,29.400000000000006,19.498961984823893
main29_s011,main29_s011_o069,35,rear,True,kept_m2_abs_lt_0p95,-0.6875283267650056,0.6875283267650056,True,kept_no_second_screen,True,accept_keep,keep,50.5,49.99304787524727
main29_s011,main29_s011_o070,36,rear,False,rejected_m2_abs_ge_0p95,1.09137578289344,1.09137578289344,True,kept_no_second_screen,True,accept_keep,keep,25.69999999999999,32.62230497091707
main29_s012,main29_s012_o072,36,front,True,kept_m2_abs_lt_0p95,0.6581181672971617,0.6581181672971617,True,kept_no_second_screen,False,reject_small_predicted_yaw,keep,,-6.147764028375377
main29_s012,main29_s012_o073,37,front,False,rejected_m2_abs_ge_0p95,-2.2271264130241697,2.2271264130241697,True,kept_no_second_screen,True,accept_keep,keep,-15.099999999999994,-17.829062528693157
main29_s012,main29_s012_o074,38,front,True,kept_m2_abs_lt_0p95,-0.6581181672971617,0.6581181672971617,True,kept_no_second_screen,True,accept_flip,flip,-24.900000000000006,-28.94069213827163
main29_s012,main29_s012_o075,40,front,False,rejected_m2_abs_ge_0p95,1.7530769851274355,1.7530769851274355,True,kept_no_second_screen,True,accept_keep,keep,42.69999999999999,44.52038005947003
main29_s012,main29_s012_o076,41,front,False,rejected_m2_abs_ge_0p95,-1.417516299313331,1.417516299313331,True,kept_no_second_screen,True,accept_keep,keep,36.19999999999999,35.51090407076285
main29_s012,main29_s012_o078,49,rear,False,rejected_m2_abs_ge_0p95,1.0131890658229772,1.0131890658229772,True,kept_no_second_screen,True,accept_keep,keep,-29.099999999999994,-29.814699094710136
main29_s013,main29_s013_o080,36,front,True,kept_m2_abs_lt_0p95,-0.762628638845011,0.762628638845011,True,kept_no_second_screen,False,reject_small_predicted_yaw,keep,,-7.125989098972241
main29_s013,main29_s013_o081,37,front,True,kept_m2_abs_lt_0p95,-0.3604355185039676,0.3604355185039676,True,kept_no_second_screen,True,accept_keep,keep,-23.099999999999994,-21.91509158116969
main29_s013,main29_s013_o082,38,front,True,kept_m2_abs_lt_0p95,0.8937130333876775,0.8937130333876775,True,kept_no_second_screen,True,accept_keep,keep,-36.5,-35.18110987728227
main29_s013,main29_s013_o083,39,front,False,rejected_m2_abs_ge_0p95,-1.1173083183139787,1.1173083183139787,True,kept_no_second_screen,True,accept_keep,keep,-45.5,-45.21559362853185
main29_s013,main29_s013_o084,40,front,False,rejected_m2_abs_ge_0p95,1.7259300157951474,1.7259300157951474,True,kept_no_second_screen,True,accept_flip,flip,41.5,36.21882405713421
main29_s013,main29_s013_o086,49,rear,True,kept_m2_abs_lt_0p95,-0.5026468127308137,0.5026468127308137,True,kept_no_second_screen,True,accept_keep,keep,-8.5,-16.390148995502727
main29_s013,main29_s013_o087,50,rear,True,kept_m2_abs_lt_0p95,0.8630823312347813,0.8630823312347813,True,kept_no_second_screen,True,accept_keep,keep,-39.30000000000001,-42.5788437125218
main29_s014,main29_s014_o089,46,front,True,kept_m2_abs_lt_0p95,0.39345988742436333,0.39345988742436333,True,kept_no_second_screen,True,accept_keep,keep,35.599999999999994,39.94454778279865
main29_s014,main29_s014_o090,47,front,True,kept_m2_abs_lt_0p95,-0.6108063924552187,0.6108063924552187,True,kept_no_second_screen,True,accept_keep,keep,19.69999999999999,26.64339267927906
main29_s014,main29_s014_o091,48,front,True,kept_m2_abs_lt_0p95,0.3472277018329706,0.3472277018329706,True,kept_no_second_screen,True,accept_keep,keep,9.199999999999989,9.561308453713337
main29_s014,main29_s014_o092,49,front,True,kept_m2_abs_lt_0p95,0.2638458459774906,0.2638458459774906,True,kept_no_second_screen,False,reject_poor_keep_flip_match,flip,,-9.30045696484072
main29_s014,main29_s014_o093,34,rear,True,kept_m2_abs_lt_0p95,-0.6075258989741522,0.6075258989741522,True,kept_no_second_screen,True,accept_keep,keep,32.400000000000006,33.119988499393
main29_s014,main29_s014_o094,35,rear,True,kept_m2_abs_lt_0p95,-0.2638458459774906,0.2638458459774906,True,kept_no_second_screen,False,reject_ambiguous_low_separation,flip,,11.641873992457931
main29_s015,main29_s015_o096,46,front,True,kept_m2_abs_lt_0p95,0.23384942336178938,0.23384942336178938,True,kept_no_second_screen,True,accept_keep,keep,28.80000000000001,31.817200781981228
main29_s015,main29_s015_o097,47,front,True,kept_m2_abs_lt_0p95,-0.8322715816964976,0.8322715816964976,True,kept_no_second_screen,True,accept_keep,keep,13.599999999999994,20.383391760910058
main29_s015,main29_s015_o098,48,front,True,kept_m2_abs_lt_0p95,-0.32236637423948444,0.32236637423948444,True,kept_no_second_screen,False,reject_small_predicted_yaw,flip,,7.0982369070057985
main29_s015,main29_s015_o099,49,front,True,kept_m2_abs_lt_0p95,0.08851695087769507,0.08851695087769507,True,kept_no_second_screen,False,reject_small_predicted_yaw,keep,,-6.940476413199406
main29_s015,main29_s015_o100,35,rear,True,kept_m2_abs_lt_0p95,0.6974593581061894,0.6974593581061894,True,kept_no_second_screen,True,accept_keep,keep,19.900000000000006,20.95433207109818
main29_s016,main29_s016_o101,32,front,True,kept_m2_abs_lt_0p95,0.07727219330328161,0.07727219330328161,True,kept_no_second_screen,True,accept_keep,keep,34.0,37.20833221572798
main29_s016,main29_s016_o102,33,front,True,kept_m2_abs_lt_0p95,0.212714629048687,0.212714629048687,True,kept_no_second_screen,True,accept_keep,keep,21.69999999999999,24.261294227690087
main29_s016,main29_s016_o103,34,front,True,kept_m2_abs_lt_0p95,-0.28967805867758933,0.28967805867758933,True,kept_no_second_screen,False,reject_small_predicted_yaw,keep,,7.96292476233441
main29_s016,main29_s016_o104,35,front,True,kept_m2_abs_lt_0p95,-0.07727219330328161,0.07727219330328161,True,kept_no_second_screen,False,reject_poor_keep_flip_match,keep,,-9.574814228588025
main29_s016,main29_s016_o106,48,rear,True,kept_m2_abs_lt_0p95,-0.3209197802585617,0.3209197802585617,True,kept_no_second_screen,True,accept_keep,keep,34.0,37.62166906078761
main29_s016,main29_s016_o107,49,rear,True,kept_m2_abs_lt_0p95,0.09448790138037122,0.09448790138037122,True,kept_no_second_screen,False,reject_poor_keep_flip_match,keep,,15.028770781698483
main29_s017,main29_s017_o109,48,front,True,kept_m2_abs_lt_0p95,0.04396642535195561,0.04396642535195561,True,kept_no_second_screen,True,accept_keep,keep,17.30000000000001,22.1371954434872
main29_s017,main29_s017_o110,49,front,False,rejected_m2_abs_ge_0p95,-1.1793902565949121,1.1793902565949121,True,kept_no_second_screen,False,reject_ambiguous_low_separation,flip,,9.226060611015157
main29_s017,main29_s017_o111,50,front,True,kept_m2_abs_lt_0p95,-0.40437266477836964,0.40437266477836964,True,kept_no_second_screen,False,reject_small_predicted_yaw,keep,,-5.033400768651688
main29_s017,main29_s017_o112,51,front,False,rejected_m2_abs_ge_0p95,1.0558541664935728,1.0558541664935728,True,kept_no_second_screen,False,reject_poor_keep_flip_match,keep,,-21.900398797349283
main29_s017,main29_s017_o113,34,rear,True,kept_m2_abs_lt_0p95,0.36040623942641403,0.36040623942641403,True,kept_no_second_screen,True,accept_keep,keep,17.30000000000001,17.16678537182065
main29_s018,main29_s018_o114,31,front,True,kept_m2_abs_lt_0p95,0.5434818982138534,0.5434818982138534,True,kept_no_second_screen,True,accept_keep,keep,42.400000000000006,45.86205633051725
main29_s018,main29_s018_o116,55,front,True,kept_m2_abs_lt_0p95,0.16399197529287868,0.16399197529287868,True,kept_no_second_screen,True,accept_keep,keep,-13.599999999999994,-10.072487659226454
main29_s018,main29_s018_o117,56,front,True,kept_m2_abs_lt_0p95,-0.16399197529287868,0.16399197529287868,True,kept_no_second_screen,True,accept_keep,keep,-26.400000000000006,-25.983389483045244
main29_s018,main29_s018_o118,57,front,True,kept_m2_abs_lt_0p95,-0.6631263554525191,0.6631263554525191,True,kept_no_second_screen,True,accept_keep,keep,-39.400000000000006,-38.537554825955226
main29_s019,main29_s019_o119,32,front,True,kept_m2_abs_lt_0p95,0.17650937974641678,0.17650937974641678,True,kept_no_second_screen,True,accept_keep,keep,20.599999999999994,23.52773045320248
main29_s019,main29_s019_o120,33,front,True,kept_m2_abs_lt_0p95,-0.17650937974641678,0.17650937974641678,True,kept_no_second_screen,False,reject_small_predicted_yaw,flip,,7.286302692248114
main29_s019,main29_s019_o123,49,rear,True,kept_m2_abs_lt_0p95,-0.5140242059982469,0.5140242059982469,True,kept_no_second_screen,True,accept_keep,keep,37.69999999999999,38.621479623789156
main29_s019,main29_s019_o124,50,rear,True,kept_m2_abs_lt_0p95,0.4518821934526285,0.4518821934526285,True,kept_no_second_screen,False,reject_poor_keep_flip_match,keep,,17.96633057833995
main29_s020,main29_s020_o125,48,front,False,rejected_m2_abs_ge_0p95,1.4337948964531577,1.4337948964531577,True,kept_no_second_screen,True,accept_keep,keep,38.5,41.132518461252744
main29_s020,main29_s020_o126,49,front,True,kept_m2_abs_lt_0p95,-0.37979106972028037,0.37979106972028037,True,kept_no_second_screen,True,accept_flip,flip,29.69999999999999,28.394387255953575
main29_s020,main29_s020_o127,50,front,True,kept_m2_abs_lt_0p95,-0.6851640118037265,0.6851640118037265,True,kept_no_second_screen,True,accept_keep,keep,10.5,12.404581362274712
main29_s020,main29_s020_o128,51,front,True,kept_m2_abs_lt_0p95,0.758477751170421,0.758477751170421,True,kept_no_second_screen,False,reject_poor_keep_flip_match,keep,,-11.582350338107972
main29_s020,main29_s020_o129,32,rear,True,kept_m2_abs_lt_0p95,0.14744772226142383,0.14744772226142383,True,kept_no_second_screen,True,accept_keep,keep,29.69999999999999,32.00493176267787
main29_s020,main29_s020_o130,33,rear,True,kept_m2_abs_lt_0p95,-0.14744772226142383,0.14744772226142383,True,kept_no_second_screen,False,reject_ambiguous_low_separation,flip,,10.13438049257968
main29_s021,main29_s021_o132,51,front,True,kept_m2_abs_lt_0p95,-0.12250104436195564,0.12250104436195564,True,kept_no_second_screen,False,reject_small_predicted_yaw,flip,,-6.947443411216625
main29_s021,main29_s021_o133,53,front,False,rejected_m2_abs_ge_0p95,-1.1262297488084403,1.1262297488084403,True,kept_no_second_screen,True,accept_flip,flip,-31.599999999999994,-33.72919903378573
main29_s021,main29_s021_o134,55,front,True,kept_m2_abs_lt_0p95,0.12250104436195564,0.12250104436195564,True,kept_no_second_screen,True,accept_keep,keep,36.599999999999994,34.50975475191473
main29_s021,main29_s021_o136,34,rear,True,kept_m2_abs_lt_0p95,0.2918639773100562,0.2918639773100562,True,kept_no_second_screen,True,accept_keep,keep,-26.900000000000006,-26.806240051118493
main29_s022,main29_s022_o137,31,front,True,kept_m2_abs_lt_0p95,0.8039155639923035,0.8039155639923035,True,kept_no_second_screen,True,accept_keep,keep,31.80000000000001,32.97750038742117
main29_s022,main29_s022_o138,55,front,True,kept_m2_abs_lt_0p95,-0.6209054269955994,0.6209054269955994,True,kept_no_second_screen,True,accept_keep,keep,-24.400000000000006,-16.681401003110864
main29_s022,main29_s022_o139,56,front,True,kept_m2_abs_lt_0p95,-0.1830101369967041,0.1830101369967041,True,kept_no_second_screen,True,accept_keep,keep,-36.900000000000006,-36.89685818198541
main29_s022,main29_s022_o140,57,front,True,kept_m2_abs_lt_0p95,-0.7258446738378632,0.7258446738378632,True,kept_no_second_screen,True,accept_keep,keep,-48.69999999999999,-50.216100780373154
main29_s022,main29_s022_o141,51,rear,False,rejected_m2_abs_ge_0p95,1.107029500456369,1.107029500456369,True,kept_no_second_screen,True,accept_keep,keep,37.099999999999994,40.713583264617995
main29_s023,main29_s023_o142,32,front,True,kept_m2_abs_lt_0p95,0.17212220496506614,0.17212220496506614,True,kept_no_second_screen,False,reject_small_predicted_yaw,flip,,7.548193658028708
main29_s023,main29_s023_o143,33,front,True,kept_m2_abs_lt_0p95,-0.4775663483507886,0.4775663483507886,True,kept_no_second_screen,True,accept_flip,flip,-8.300000000000011,-9.90849909041549
main29_s023,main29_s023_o144,34,front,True,kept_m2_abs_lt_0p95,0.04130554304904166,0.04130554304904166,True,kept_no_second_screen,True,accept_flip,flip,-22.19999999999999,-25.832406130446543
main29_s023,main29_s023_o145,35,front,True,kept_m2_abs_lt_0p95,-0.2134277480141078,0.2134277480141078,True,kept_no_second_screen,True,accept_keep,keep,-39.19999999999999,-38.3547784587106
main29_s023,main29_s023_o146,52,rear,True,kept_m2_abs_lt_0p95,0.6453461750360301,0.6453461750360301,True,kept_no_second_screen,True,accept_keep,keep,-20.0,-18.224603429261663
main29_s024,main29_s024_o148,50,front,True,kept_m2_abs_lt_0p95,0.2906939543467013,0.2906939543467013,True,kept_no_second_screen,True,accept_keep,keep,25.69999999999999,30.968296636365466
main29_s024,main29_s024_o149,51,front,True,kept_m2_abs_lt_0p95,-0.3859639090483702,0.3859639090483702,True,kept_no_second_screen,False,reject_ambiguous_low_separation,keep,,11.165178618622093
main29_s024,main29_s024_o150,52,front,True,kept_m2_abs_lt_0p95,0.09526995470166888,0.09526995470166888,True,kept_no_second_screen,False,reject_poor_keep_flip_match,flip,,-12.01702420324861
main29_s024,main29_s024_o151,32,rear,True,kept_m2_abs_lt_0p95,0.3568664909093444,0.3568664909093444,True,kept_no_second_screen,False,reject_ambiguous_low_separation,flip,,8.887167708137213
main29_s024,main29_s024_o152,58,rear,True,kept_m2_abs_lt_0p95,-0.5896261438654493,0.5896261438654493,True,kept_no_second_screen,True,accept_keep,keep,-47.599999999999994,-47.60483433071818
main29_s025,main29_s025_o154,53,front,True,kept_m2_abs_lt_0p95,0.2338840356016969,0.2338840356016969,True,kept_no_second_screen,True,accept_flip,flip,-20.099999999999994,-22.18215508426755
main29_s025,main29_s025_o155,55,front,True,kept_m2_abs_lt_0p95,-0.45331883459681865,0.45331883459681865,True,kept_no_second_screen,True,accept_keep,keep,38.900000000000006,45.22080383972053
main29_s025,main29_s025_o156,56,front,True,kept_m2_abs_lt_0p95,0.18642379668234677,0.18642379668234677,True,kept_no_second_screen,True,accept_keep,keep,28.599999999999994,29.206376760335445
main29_s025,main29_s025_o157,33,rear,True,kept_m2_abs_lt_0p95,0.30910274847277597,0.30910274847277597,True,kept_no_second_screen,True,accept_keep,keep,-25.80000000000001,-27.44561498860901
main29_s025,main29_s025_o158,34,rear,True,kept_m2_abs_lt_0p95,-0.42030783228404367,0.42030783228404367,True,kept_no_second_screen,True,accept_keep,keep,-53.400000000000006,-54.791278421590505
main29_s026,main29_s026_o159,31,front,True,kept_m2_abs_lt_0p95,-0.21377997436319518,0.21377997436319518,True,kept_no_second_screen,True,accept_keep,keep,24.0,18.403731029884966
main29_s026,main29_s026_o160,55,front,True,kept_m2_abs_lt_0p95,-0.19178784826920925,0.19178784826920925,True,kept_no_second_screen,True,accept_keep,keep,-30.599999999999994,-27.393480272357465
main29_s026,main29_s026_o161,56,front,True,kept_m2_abs_lt_0p95,0.19178784826920925,0.19178784826920925,True,kept_no_second_screen,True,accept_keep,keep,-51.0,-52.08935209915444
main29_s026,main29_s026_o162,52,rear,True,kept_m2_abs_lt_0p95,0.7527424798823579,0.7527424798823579,True,kept_no_second_screen,True,accept_keep,keep,17.80000000000001,27.52194218622668
main29_s027,main29_s027_o163,31,front,True,kept_m2_abs_lt_0p95,0.19553858996978146,0.19553858996978146,True,kept_no_second_screen,True,accept_keep,keep,27.69999999999999,27.922871224324922
main29_s027,main29_s027_o164,32,front,True,kept_m2_abs_lt_0p95,-0.8337173122199371,0.8337173122199371,True,kept_no_second_screen,True,accept_keep,keep,-15.5,-10.793705775486842
main29_s027,main29_s027_o165,33,front,True,kept_m2_abs_lt_0p95,0.6381787222501556,0.6381787222501556,True,kept_no_second_screen,True,accept_keep,keep,-34.599999999999994,-26.52161480549489
main29_s028,main29_s028_o169,53,front,True,kept_m2_abs_lt_0p95,-0.3069614406605048,0.3069614406605048,True,kept_no_second_screen,True,accept_keep,keep,-16.30000000000001,-11.586074013926577
main29_s028,main29_s028_o170,54,front,True,kept_m2_abs_lt_0p95,0.6163320306277953,0.6163320306277953,True,kept_no_second_screen,True,accept_keep,keep,54.900000000000006,59.759136938188135
main29_s028,main29_s028_o171,55,front,True,kept_m2_abs_lt_0p95,0.31798569188547177,0.31798569188547177,True,kept_no_second_screen,True,accept_keep,keep,40.900000000000006,44.57628227208181
main29_s028,main29_s028_o172,32,rear,True,kept_m2_abs_lt_0p95,-0.011024251224966974,0.011024251224966974,True,kept_no_second_screen,True,accept_keep,keep,-15.599999999999994,-17.000533787821382
main29_s028,main29_s028_o173,33,rear,True,kept_m2_abs_lt_0p95,-0.4460957612182699,0.4460957612182699,True,kept_no_second_screen,True,accept_keep,keep,-34.19999999999999,-37.3000021664966
main29_s029,main29_s029_o174,49,front,False,rejected_m2_abs_ge_0p95,-1.4104663126815526,1.4104663126815526,True,kept_no_second_screen,True,accept_keep,keep,39.80000000000001,42.85802318861067
main29_s029,main29_s029_o175,50,front,False,rejected_m2_abs_ge_0p95,0.9686411250185234,0.9686411250185234,True,kept_no_second_screen,True,accept_keep,keep,29.5,35.67341991928504
main29_s029,main29_s029_o176,51,front,True,kept_m2_abs_lt_0p95,-0.29591016783844015,0.29591016783844015,True,kept_no_second_screen,True,accept_keep,keep,18.099999999999994,23.668579698550957
main29_s029,main29_s029_o177,53,front,True,kept_m2_abs_lt_0p95,-0.20315189874171136,0.20315189874171136,True,kept_no_second_screen,False,reject_poor_keep_flip_match,flip,,-8.869617432881512
main29_s029,main29_s029_o178,58,rear,True,kept_m2_abs_lt_0p95,0.4990620665801515,0.4990620665801515,True,kept_no_second_screen,True,accept_keep,keep,-55.900000000000006,-54.394999622930015
repeat10_s001,repeat10_s001_o002,37,front,True,kept_m2_abs_lt_0p95,0.01741651001415434,0.01741651001415434,True,kept_no_second_screen,True,accept_keep,keep,18.900000000000006,21.273795608752494
repeat10_s001,repeat10_s001_o003,38,front,True,kept_m2_abs_lt_0p95,-0.11446048390650887,0.11446048390650887,True,kept_no_second_screen,False,reject_poor_keep_flip_match,flip,,8.849687972072047
repeat10_s001,repeat10_s001_o004,39,front,True,kept_m2_abs_lt_0p95,-0.01741651001415434,0.01741651001415434,True,kept_no_second_screen,False,reject_small_predicted_yaw,flip,,-4.458008835093096
repeat10_s001,repeat10_s001_o005,45,rear,True,kept_m2_abs_lt_0p95,0.6390820101830919,0.6390820101830919,True,kept_no_second_screen,True,accept_keep,keep,8.099999999999994,16.400453267102108
repeat10_s002,repeat10_s002_o006,45,front,True,kept_m2_abs_lt_0p95,-0.0240866869109706,0.0240866869109706,True,kept_no_second_screen,False,reject_small_predicted_yaw,keep,,5.163339546296186
repeat10_s002,repeat10_s002_o007,46,front,True,kept_m2_abs_lt_0p95,-0.35305736393150977,0.35305736393150977,True,kept_no_second_screen,True,accept_flip,flip,-8.900000000000006,-8.994631005837334
repeat10_s002,repeat10_s002_o008,47,front,True,kept_m2_abs_lt_0p95,-0.4018684334164917,0.4018684334164917,True,kept_no_second_screen,True,accept_keep,keep,-22.400000000000006,-22.130460921130236
repeat10_s002,repeat10_s002_o009,48,front,True,kept_m2_abs_lt_0p95,0.37714405084248037,0.37714405084248037,True,kept_no_second_screen,True,accept_keep,keep,-34.400000000000006,-33.154016772840066
repeat10_s002,repeat10_s002_o010,39,rear,False,rejected_m2_abs_ge_0p95,1.0478139444107493,1.0478139444107493,True,kept_no_second_screen,True,accept_keep,keep,-15.599999999999994,-15.147349495730168
repeat10_s003,repeat10_s003_o012,45,front,True,kept_m2_abs_lt_0p95,0.5956691155410474,0.5956691155410474,True,kept_no_second_screen,True,accept_flip,flip,41.30000000000001,38.58835672902589
repeat10_s003,repeat10_s003_o013,46,front,True,kept_m2_abs_lt_0p95,-0.23061292819078538,0.23061292819078538,True,kept_no_second_screen,True,accept_keep,keep,21.5,24.72865537410891
repeat10_s003,repeat10_s003_o014,48,front,True,kept_m2_abs_lt_0p95,0.09006878000726942,0.09006878000726942,True,kept_no_second_screen,False,reject_poor_keep_flip_match,flip,,-11.917746835244401
repeat10_s003,repeat10_s003_o015,35,rear,True,kept_m2_abs_lt_0p95,-0.09006878000726942,0.09006878000726942,True,kept_no_second_screen,True,accept_flip,flip,35.599999999999994,35.35292502301331
repeat10_s004,repeat10_s004_o017,42,front,False,rejected_m2_abs_ge_0p95,-1.4904637147195032,1.4904637147195032,True,kept_no_second_screen,True,accept_keep,keep,-26.900000000000006,-23.46160350473849
repeat10_s004,repeat10_s004_o018,43,front,True,kept_m2_abs_lt_0p95,-0.2467294326734315,0.2467294326734315,True,kept_no_second_screen,True,accept_flip,flip,-34.099999999999994,-38.648011265479454
repeat10_s004,repeat10_s004_o019,45,front,True,kept_m2_abs_lt_0p95,0.2467294326734315,0.2467294326734315,True,kept_no_second_screen,True,accept_keep,keep,30.30000000000001,30.963615638250303
repeat10_s004,repeat10_s004_o020,46,front,True,kept_m2_abs_lt_0p95,0.4852906780017019,0.4852906780017019,True,kept_no_second_screen,False,reject_poor_keep_flip_match,flip,,19.450079420148086
repeat10_s004,repeat10_s004_o021,35,rear,True,kept_m2_abs_lt_0p95,-0.7438764464083336,0.7438764464083336,True,kept_no_second_screen,True,accept_keep,keep,51.19999999999999,50.46400302467396
repeat10_s004,repeat10_s004_o022,36,rear,True,kept_m2_abs_lt_0p95,0.34711117374072176,0.34711117374072176,True,kept_no_second_screen,True,accept_keep,keep,26.599999999999994,33.095523622400606
repeat10_s005,repeat10_s005_o024,36,front,False,rejected_m2_abs_ge_0p95,-1.0563591221486623,1.0563591221486623,True,kept_no_second_screen,False,reject_small_predicted_yaw,flip,,-5.814158966584046
repeat10_s005,repeat10_s005_o025,37,front,True,kept_m2_abs_lt_0p95,-0.1090270928061603,0.1090270928061603,True,kept_no_second_screen,True,accept_flip,flip,-14.900000000000006,-17.71448228768054
repeat10_s005,repeat10_s005_o026,38,front,True,kept_m2_abs_lt_0p95,-0.9057702325525883,0.9057702325525883,True,kept_no_second_screen,True,accept_keep,keep,-27.900000000000006,-28.98667608699941
repeat10_s005,repeat10_s005_o027,39,front,False,rejected_m2_abs_ge_0p95,0.9881351888144932,0.9881351888144932,True,kept_no_second_screen,True,accept_keep,keep,-40.900000000000006,-38.258992193686595
repeat10_s005,repeat10_s005_o028,40,front,False,rejected_m2_abs_ge_0p95,2.168501214864324,2.168501214864324,True,kept_no_second_screen,True,accept_keep,keep,41.19999999999999,44.27923501557888
repeat10_s005,repeat10_s005_o029,41,front,True,kept_m2_abs_lt_0p95,-0.879108096008333,0.879108096008333,True,kept_no_second_screen,True,accept_flip,flip,40.900000000000006,35.119697913505604
repeat10_s005,repeat10_s005_o031,49,rear,False,rejected_m2_abs_ge_0p95,2.047051896750089,2.047051896750089,True,kept_no_second_screen,True,accept_keep,keep,-28.0,-29.6850168008138
repeat10_s006,repeat10_s006_o033,36,front,True,kept_m2_abs_lt_0p95,0.3979499863369629,0.3979499863369629,True,kept_no_second_screen,False,reject_small_predicted_yaw,flip,,-7.876592061347537
repeat10_s006,repeat10_s006_o034,37,front,True,kept_m2_abs_lt_0p95,-0.07691434844783629,0.07691434844783629,True,kept_no_second_screen,True,accept_keep,keep,-23.5,-22.667157473955626
repeat10_s006,repeat10_s006_o035,38,front,False,rejected_m2_abs_ge_0p95,-1.2900359506241088,1.2900359506241088,True,kept_no_second_screen,True,accept_keep,keep,-35.400000000000006,-35.92796607773346
repeat10_s006,repeat10_s006_o036,39,front,True,kept_m2_abs_lt_0p95,-0.5039631810915695,0.5039631810915695,True,kept_no_second_screen,True,accept_keep,keep,-46.0,-45.89142868185513
repeat10_s006,repeat10_s006_o037,40,front,False,rejected_m2_abs_ge_0p95,1.8844293184136784,1.8844293184136784,True,kept_no_second_screen,True,accept_flip,flip,42.69999999999999,35.537761914641976
repeat10_s006,repeat10_s006_o039,49,rear,True,kept_m2_abs_lt_0p95,-0.3210356378891266,0.3210356378891266,True,kept_no_second_screen,False,reject_ambiguous_low_separation,keep,,-15.192842071834093
repeat10_s006,repeat10_s006_o040,50,rear,True,kept_m2_abs_lt_0p95,0.6503908222007571,0.6503908222007571,True,kept_no_second_screen,True,accept_keep,keep,-38.69999999999999,-41.246270631054585
repeat10_s007,repeat10_s007_o041,32,front,False,rejected_m2_abs_ge_0p95,1.0159608088712302,1.0159608088712302,True,kept_no_second_screen,True,accept_keep,keep,34.5,36.929731401503204
repeat10_s007,repeat10_s007_o042,33,front,False,rejected_m2_abs_ge_0p95,-1.4494230291170318,1.4494230291170318,True,kept_no_second_screen,True,accept_keep,keep,19.80000000000001,23.994664057187038
repeat10_s007,repeat10_s007_o043,34,front,True,kept_m2_abs_lt_0p95,-0.678172467793221,0.678172467793221,True,kept_no_second_screen,False,reject_small_predicted_yaw,keep,,7.7649158091234085
repeat10_s007,repeat10_s007_o044,35,front,True,kept_m2_abs_lt_0p95,0.7613262172727753,0.7613262172727753,True,kept_no_second_screen,False,reject_poor_keep_flip_match,keep,,-9.656771421853136
repeat10_s007,repeat10_s007_o046,58,front,True,kept_m2_abs_lt_0p95,-0.08315374947955423,0.08315374947955423,True,kept_no_second_screen,True,accept_keep,keep,-39.19999999999999,-36.74309110461866
repeat10_s008,repeat10_s008_o048,47,front,True,kept_m2_abs_lt_0p95,0.15592906356847025,0.15592906356847025,True,kept_no_second_screen,True,accept_keep,keep,29.599999999999994,32.5404396907565
repeat10_s008,repeat10_s008_o049,48,front,True,kept_m2_abs_lt_0p95,-0.15592906356847025,0.15592906356847025,True,kept_no_second_screen,True,accept_keep,keep,17.80000000000001,21.38731115825584
repeat10_s008,repeat10_s008_o050,49,front,True,kept_m2_abs_lt_0p95,-0.46475735667288753,0.46475735667288753,True,kept_no_second_screen,False,reject_ambiguous_low_separation,flip,,8.306579745193346
repeat10_s008,repeat10_s008_o051,50,front,True,kept_m2_abs_lt_0p95,-0.5430201250938878,0.5430201250938878,True,kept_no_second_screen,False,reject_small_predicted_yaw,flip,,-6.090917168534418
repeat10_s008,repeat10_s008_o052,51,front,True,kept_m2_abs_lt_0p95,0.3619501356649746,0.3619501356649746,True,kept_no_second_screen,False,reject_poor_keep_flip_match,flip,,-22.936454154903686
repeat10_s008,repeat10_s008_o053,34,rear,True,kept_m2_abs_lt_0p95,0.4904174367446501,0.4904174367446501,True,kept_no_second_screen,True,accept_keep,keep,18.099999999999994,19.77653004371257
repeat10_s009,repeat10_s009_o054,31,front,True,kept_m2_abs_lt_0p95,-0.6553617307242909,0.6553617307242909,True,kept_no_second_screen,True,accept_keep,keep,41.599999999999994,44.29120191949005
repeat10_s009,repeat10_s009_o056,55,front,True,kept_m2_abs_lt_0p95,-0.503297868121102,0.503297868121102,True,kept_no_second_screen,True,accept_keep,keep,-15.099999999999994,-12.119218821324353
repeat10_s009,repeat10_s009_o057,56,front,True,kept_m2_abs_lt_0p95,0.503297868121102,0.503297868121102,True,kept_no_second_screen,True,accept_flip,flip,-23.19999999999999,-27.882360478789906
repeat10_s009,repeat10_s009_o058,57,front,True,kept_m2_abs_lt_0p95,0.5210028515910281,0.5210028515910281,True,kept_no_second_screen,True,accept_keep,keep,-42.69999999999999,-40.12441667490543
repeat10_s010,repeat10_s010_o060,50,front,True,kept_m2_abs_lt_0p95,0.6900211109198695,0.6900211109198695,True,kept_no_second_screen,True,accept_flip,flip,34.69999999999999,35.61083199650386
repeat10_s010,repeat10_s010_o061,51,front,True,kept_m2_abs_lt_0p95,-0.629300216538744,0.629300216538744,True,kept_no_second_screen,True,accept_keep,keep,16.0,23.41556238881651
repeat10_s010,repeat10_s010_o062,52,front,True,kept_m2_abs_lt_0p95,-0.10189138281923249,0.10189138281923249,True,kept_no_second_screen,False,reject_small_predicted_yaw,keep,,7.160500915299735
repeat10_s010,repeat10_s010_o063,53,front,True,kept_m2_abs_lt_0p95,-0.588129728100637,0.588129728100637,True,kept_no_second_screen,False,reject_poor_keep_flip_match,flip,,-9.520586171955415
repeat10_s010,repeat10_s010_o064,58,rear,False,rejected_m2_abs_ge_0p95,0.9967441164042334,0.9967441164042334,True,kept_no_second_screen,True,accept_keep,keep,-56.7,-54.33931982952549
